{"cameraMode":{"drawMode":0,"name":"Shaded","section":"Shading Mode"},"sceneLighting":false,"audioPlay":false,"sceneViewState":{"showFog":true,"showMaterialUpdate":false,"showSkybox":false,"showFlares":true,"showImageEffects":true,"showParticleSystems":true,"showVisualEffectGraphs":true,"m_FxEnabled":true},"in2DMode":false,"pivot":{"x":1.5032700300216675,"y":0.07950165867805481,"z":-0.26116514205932619},"rotation":{"x":-0.24191589653491975,"y":-0.6356520056724548,"z":0.21984180808067323,"w":-0.6993769407272339},"size":0.503248393535614,"orthographic":false}