{"cameraMode":{"drawMode":0,"name":"Shaded","section":"Shading Mode"},"sceneLighting":true,"audioPlay":false,"sceneViewState":{"showFog":true,"showMaterialUpdate":false,"showSkybox":true,"showFlares":true,"showImageEffects":true,"showParticleSystems":true,"showVisualEffectGraphs":true,"m_FxEnabled":true},"in2DMode":false,"pivot":{"x":10.05581283569336,"y":21.353490829467775,"z":10.464790344238282},"rotation":{"x":0.02233693189918995,"y":-0.9654035568237305,"z":0.08552981913089752,"w":0.24590575695037843},"size":1.9953465461730958,"orthographic":false}