{"cameraMode":{"drawMode":0,"name":"Shaded","section":"Shading Mode"},"sceneLighting":false,"audioPlay":false,"sceneViewState":{"showFog":true,"showMaterialUpdate":false,"showSkybox":false,"showFlares":true,"showImageEffects":true,"showParticleSystems":true,"showVisualEffectGraphs":true,"m_FxEnabled":true},"in2DMode":false,"pivot":{"x":14.815580368041993,"y":24.092336654663087,"z":23.891475677490236},"rotation":{"x":-0.04255358502268791,"y":0.6406430006027222,"z":-0.035585153847932819,"w":-0.7658470273017883},"size":39.135719299316409,"orthographic":false}