{"cameraMode":{"drawMode":0,"name":"Shaded","section":"Shading Mode"},"sceneLighting":false,"audioPlay":false,"sceneViewState":{"showFog":true,"showMaterialUpdate":false,"showSkybox":false,"showFlares":true,"showImageEffects":true,"showParticleSystems":true,"showVisualEffectGraphs":true,"m_FxEnabled":true},"in2DMode":false,"pivot":{"x":1.150929570198059,"y":0.049501679837703708,"z":-0.3567102551460266},"rotation":{"x":-0.24191589653491975,"y":-0.6356520056724548,"z":0.21984180808067323,"w":-0.6993769407272339},"size":2.5229268074035646,"orthographic":false}